"mean.X1","mean.X2","mean.X3","mean.X4","sd.X1","sd.X2","sd.X3","sd.X4","y.B.sum","y.B.bar","N.B","y.C.sum","y.C.bar","N.C"
0.590899617068339,0.641417886096381,0.585652872514114,0.602367061110613,0.386314464982191,0.403361539335837,0.407609722530769,0.39513202363791,182,0.455,400,149,0.745,200
