"","mean.X1","mean.X2","mean.X3","mean.X4","sd.X1","sd.X2","sd.X3","sd.X4","logHR_B","var_logHR_B"
"1",0.609740460053926,0.584711123785043,0.584326701427274,0.616417313064586,0.423922776731795,0.441650009282306,0.446769695130312,0.450680601082761,-0.696730538455664,0.00835653458545546
